block,direction,unlocked,timestamp,amount,runningbalance,hash,paymentID,fee,destination,amount,index,note
2453979,in,unlocked,2021-09-2004:30:56,0.000000000001,0.000000000001,2d37545e38e2a164e4a7a5e8c5019e34ad551fb73ba6f84e21c4c6944a46ffbe,0000000000000000,0.000000000000,88FFQrAf6y18xTq3tiKiKtFBGWm7s57Q7XSToHfSw6CdXziHq2fC2gMDcFCzrvbRxrVY42FjipBU722iprjNsh7QTThB9yT,0.000000000001,"1",
2453980,in,unlocked,2021-09-2004:32:15,0.000000000072,0.000000000073,2d37545e38e2a164e4a7a5e8c5019e34ad551fb73ba6f84e21c4c6944a46ffbe,0000000000000000,0.000000000000,88FFQrAf6y18xTq3tiKiKtFBGWm7s57Q7XSToHfSw6CdXziHq2fC2gMDcFCzrvbRxrVY42FjipBU722iprjNsh7QTThB9yT,0.000000000072,"1",
2453981,in,unlocked,2021-09-2004:33:41,0.000000000101,0.000000000174,2d37545e38e2a164e4a7a5e8c5019e34ad551fb73ba6f84e21c4c6944a46ffbe,0000000000000000,0.000000000000,88FFQrAf6y18xTq3tiKiKtFBGWm7s57Q7XSToHfSw6CdXziHq2fC2gMDcFCzrvbRxrVY42FjipBU722iprjNsh7QTThB9yT,0.000000000101,"1",
2453982,in,unlocked,2021-09-2004:33:43,0.000000000108,0.000000000282,2d37545e38e2a164e4a7a5e8c5019e34ad551fb73ba6f84e21c4c6944a46ffbe,0000000000000000,0.000000000000,88FFQrAf6y18xTq3tiKiKtFBGWm7s57Q7XSToHfSw6CdXziHq2fC2gMDcFCzrvbRxrVY42FjipBU722iprjNsh7QTThB9yT,0.000000000108,"1",
2453983,in,unlocked,2021-09-2004:33:30,0.000000000108,0.000000000390,2d37545e38e2a164e4a7a5e8c5019e34ad551fb73ba6f84e21c4c6944a46ffbe,0000000000000000,0.000000000000,88FFQrAf6y18xTq3tiKiKtFBGWm7s57Q7XSToHfSw6CdXziHq2fC2gMDcFCzrvbRxrVY42FjipBU722iprjNsh7QTThB9yT,0.000000000108,"1",
2453984,in,unlocked,2021-09-2004:34:41,0.000000000111,0.000000000501,2d37545e38e2a164e4a7a5e8c5019e34ad551fb73ba6f84e21c4c6944a46ffbe,0000000000000000,0.000000000000,88FFQrAf6y18xTq3tiKiKtFBGWm7s57Q7XSToHfSw6CdXziHq2fC2gMDcFCzrvbRxrVY42FjipBU722iprjNsh7QTThB9yT,0.000000000111,"1",
2453985,in,unlocked,2021-09-2004:36:48,0.000000000032,0.000000000533,2d37545e38e2a164e4a7a5e8c5019e34ad551fb73ba6f84e21c4c6944a46ffbe,0000000000000000,0.000000000000,88FFQrAf6y18xTq3tiKiKtFBGWm7s57Q7XSToHfSw6CdXziHq2fC2gMDcFCzrvbRxrVY42FjipBU722iprjNsh7QTThB9yT,0.000000000032,"1",
2453986,in,unlocked,2021-09-2004:37:52,0.000000000087,0.000000000620,2d37545e38e2a164e4a7a5e8c5019e34ad551fb73ba6f84e21c4c6944a46ffbe,0000000000000000,0.000000000000,88FFQrAf6y18xTq3tiKiKtFBGWm7s57Q7XSToHfSw6CdXziHq2fC2gMDcFCzrvbRxrVY42FjipBU722iprjNsh7QTThB9yT,0.000000000087,"1",
2453987,in,unlocked,2021-09-2004:44:36,0.000000000111,0.000000000731,2d37545e38e2a164e4a7a5e8c5019e34ad551fb73ba6f84e21c4c6944a46ffbe,0000000000000000,0.000000000000,88FFQrAf6y18xTq3tiKiKtFBGWm7s57Q7XSToHfSw6CdXziHq2fC2gMDcFCzrvbRxrVY42FjipBU722iprjNsh7QTThB9yT,0.000000000111,"1",
2453988,in,unlocked,2021-09-2004:49:04,0.000000000114,0.000000000845,2d37545e38e2a164e4a7a5e8c5019e34ad551fb73ba6f84e21c4c6944a46ffbe,0000000000000000,0.000000000000,88FFQrAf6y18xTq3tiKiKtFBGWm7s57Q7XSToHfSw6CdXziHq2fC2gMDcFCzrvbRxrVY42FjipBU722iprjNsh7QTThB9yT,0.000000000114,"1",
2453989,in,unlocked,2021-09-2004:50:03,0.000000000108,0.000000000953,2d37545e38e2a164e4a7a5e8c5019e34ad551fb73ba6f84e21c4c6944a46ffbe,0000000000000000,0.000000000000,88FFQrAf6y18xTq3tiKiKtFBGWm7s57Q7XSToHfSw6CdXziHq2fC2gMDcFCzrvbRxrVY42FjipBU722iprjNsh7QTThB9yT,0.000000000108,"1",
2453990,in,unlocked,2021-09-2004:50:08,0.000000000100,0.000000001053,2d37545e38e2a164e4a7a5e8c5019e34ad551fb73ba6f84e21c4c6944a46ffbe,0000000000000000,0.000000000000,88FFQrAf6y18xTq3tiKiKtFBGWm7s57Q7XSToHfSw6CdXziHq2fC2gMDcFCzrvbRxrVY42FjipBU722iprjNsh7QTThB9yT,0.000000000100,"1",
2453991,in,unlocked,2021-09-2004:50:09,0.000000000033,0.000000001086,2d37545e38e2a164e4a7a5e8c5019e34ad551fb73ba6f84e21c4c6944a46ffbe,0000000000000000,0.000000000000,88FFQrAf6y18xTq3tiKiKtFBGWm7s57Q7XSToHfSw6CdXziHq2fC2gMDcFCzrvbRxrVY42FjipBU722iprjNsh7QTThB9yT,0.000000000033,"1",
2453992,in,unlocked,2021-09-2004:51:03,0.000000000001,0.000000001087,2d37545e38e2a164e4a7a5e8c5019e34ad551fb73ba6f84e21c4c6944a46ffbe,0000000000000000,0.000000000000,88FFQrAf6y18xTq3tiKiKtFBGWm7s57Q7XSToHfSw6CdXziHq2fC2gMDcFCzrvbRxrVY42FjipBU722iprjNsh7QTThB9yT,0.000000000001,"1",